{"cameraMode":{"drawMode":0,"name":"Shaded","section":"Shading Mode"},"sceneLighting":false,"audioPlay":false,"sceneViewState":{"showFog":false,"showMaterialUpdate":true,"showSkybox":false,"showFlares":false,"showImageEffects":false,"showParticleSystems":false},"in2DMode":false,"pivot":{"x":17.610000610351564,"y":0.0,"z":-5.907500267028809},"rotation":{"x":-0.29034656286239626,"y":0.18284250795841218,"z":-0.056621674448251727,"w":-0.9375829696655273},"size":1.214320182800293,"orthographic":false}