{"cameraMode":{"drawMode":0,"name":"Shaded","section":"Shading Mode"},"sceneLighting":true,"audioPlay":false,"sceneViewState":{"showFog":false,"showMaterialUpdate":true,"showSkybox":false,"showFlares":false,"showImageEffects":false,"showParticleSystems":false},"in2DMode":false,"pivot":{"x":2.9088802337646486,"y":-2.997743606567383,"z":5.3276777267456059},"rotation":{"x":-0.13330410420894624,"y":0.37128564715385439,"z":-0.05395469069480896,"w":-0.9173151254653931},"size":22.0,"orthographic":false}